{
  "baseline": {
    "collision_rate": 0.16666666666666666,
    "intervention_rate": 0.4198430650436633,
    "mean_steps": 141.79166666666666,
    "min_clearance_m": 0.22653082644043032,
    "n": 24,
    "path_efficiency": 0.09620997024737259,
    "success_rate": 0.08333333333333333
  },
  "improved": {
    "collision_rate": 0.25,
    "intervention_rate": 0.3362915439361254,
    "mean_steps": 114.45833333333333,
    "min_clearance_m": 0.30745988137587316,
    "n": 24,
    "path_efficiency": 0.6595703600263676,
    "success_rate": 0.5833333333333334
  },
  "selected_params": {
    "agreement": 0.6,
    "horizon": 3,
    "margin": 0.08,
    "risk_penalty": 3.0,
    "samples": 20
  },
  "test_scenarios": [
    100,
    101,
    102,
    103,
    104,
    105,
    106,
    107
  ],
  "train_candidates": [
    {
      "agreement": 0.6,
      "collision_rate": 0.1875,
      "horizon": 3,
      "intervention_rate": 0.2934905970950314,
      "margin": 0.08,
      "mean_steps": 117.5625,
      "min_clearance_m": 0.26990419469652577,
      "n": 16,
      "path_efficiency": 0.849487973702997,
      "risk_penalty": 3.0,
      "samples": 20,
      "success_rate": 0.75,
      "train_utility": 5.0858114086290005
    },
    {
      "agreement": 0.6,
      "collision_rate": 0.1875,
      "horizon": 4,
      "intervention_rate": 0.3764443093291757,
      "margin": 0.12,
      "mean_steps": 118.75,
      "min_clearance_m": 0.2493837321615363,
      "n": 16,
      "path_efficiency": 0.846883745575671,
      "risk_penalty": 3.5,
      "samples": 20,
      "success_rate": 0.75,
      "train_utility": 5.050906407111981
    },
    {
      "agreement": 0.6,
      "collision_rate": 0.1875,
      "horizon": 4,
      "intervention_rate": 0.40404692565402694,
      "margin": 0.16,
      "mean_steps": 115.0625,
      "min_clearance_m": 0.23994963806990308,
      "n": 16,
      "path_efficiency": 0.7815447942458773,
      "risk_penalty": 4.0,
      "samples": 24,
      "success_rate": 0.6875,
      "train_utility": 4.566280278990261
    },
    {
      "agreement": 0.4,
      "collision_rate": 0.25,
      "horizon": 4,
      "intervention_rate": 0.44974027779073805,
      "margin": 0.2,
      "mean_steps": 110.5,
      "min_clearance_m": 0.20838318060209074,
      "n": 16,
      "path_efficiency": 0.6421757008834713,
      "risk_penalty": 4.5,
      "samples": 24,
      "success_rate": 0.5625,
      "train_utility": 3.330020072178568
    }
  ],
  "train_scenarios": [
    0,
    1,
    2,
    3,
    4,
    5,
    6,
    7
  ],
  "train_utility": 5.0858114086290005,
  "user_seeds": [
    3,
    7,
    11
  ]
}
