{
  "baseline": {
    "collision_rate": 0.16666666666666666,
    "intervention_rate": 0.4198430650436633,
    "mean_steps": 141.79166666666666,
    "min_clearance_m": 0.22653082644043032,
    "n": 24,
    "path_efficiency": 0.09620997024737259,
    "success_rate": 0.08333333333333333
  },
  "improved": {
    "collision_rate": 0.25,
    "intervention_rate": 0.30833972183657676,
    "mean_steps": 110.25,
    "min_clearance_m": 0.3709309237156015,
    "n": 24,
    "path_efficiency": 0.8578272428914328,
    "success_rate": 0.75
  },
  "selected_params": {
    "agreement": 0.6,
    "horizon": 4,
    "margin": 0.16,
    "risk_penalty": 4.0,
    "samples": 24
  },
  "test_scenarios": [
    100,
    101,
    102,
    103,
    104,
    105,
    106,
    107
  ],
  "train_candidates": [],
  "train_scenarios": [
    0,
    1,
    2,
    3,
    4,
    5,
    6,
    7
  ],
  "train_utility": 0.0,
  "user_seeds": [
    3,
    7,
    11
  ]
}
