{
  "baseline": {
    "collision_rate": {
      "ci95_high": 0.45,
      "ci95_low": 0.2,
      "mean": 0.31666666666666665,
      "scenario_se": 0.13709958532503405
    },
    "intervention_rate": {
      "ci95_high": 0.4529106967285485,
      "ci95_low": 0.26763848076539853,
      "mean": 0.3579363165900166,
      "scenario_se": 0.11470721118409298
    },
    "mean_steps": {
      "ci95_high": 142.1,
      "ci95_low": 127.28333333333333,
      "mean": 135.03333333333333,
      "scenario_se": 7.922845541942709
    },
    "min_clearance_m": {
      "ci95_high": 0.3158333333333333,
      "ci95_low": 0.20416666666666666,
      "mean": 0.2558333333333333,
      "scenario_se": 0.06921127521787147
    },
    "n_episodes": 60,
    "n_scenarios": 10,
    "path_efficiency": {
      "ci95_high": 0.4,
      "ci95_low": 0.16666666666666666,
      "mean": 0.2833333333333333,
      "scenario_se": 0.1243501626977744
    },
    "success_rate": {
      "ci95_high": 0.4,
      "ci95_low": 0.16666666666666666,
      "mean": 0.2833333333333333,
      "scenario_se": 0.1243501626977744
    }
  },
  "benchmark": "extended_heldout_60ep",
  "delta_collision_rate": {
    "ci95_high": 0.0,
    "ci95_low": -0.16666666666666666,
    "mean": -0.08333333333333333,
    "scenario_se": 0.07136240321480626
  },
  "delta_path_efficiency": {
    "ci95_high": 0.3498163874501037,
    "ci95_low": -0.016666666666666666,
    "mean": 0.16648305411677036,
    "scenario_se": 0.151195043836896
  },
  "delta_success_rate": {
    "ci95_high": 0.35,
    "ci95_low": -0.016666666666666666,
    "mean": 0.16666666666666666,
    "scenario_se": 0.15112745009706047
  },
  "improved": {
    "collision_rate": {
      "ci95_high": 0.35,
      "ci95_low": 0.13333333333333333,
      "mean": 0.23333333333333334,
      "scenario_se": 0.09999999999999999
    },
    "intervention_rate": {
      "ci95_high": 0.9632400569668927,
      "ci95_low": 0.9480838587359991,
      "mean": 0.9559711251628343,
      "scenario_se": 0.006298099806911244
    },
    "mean_steps": {
      "ci95_high": 135.51666666666668,
      "ci95_low": 121.41666666666667,
      "mean": 128.53333333333333,
      "scenario_se": 7.679570461239079
    },
    "min_clearance_m": {
      "ci95_high": 0.4111156272793422,
      "ci95_low": 0.2975526419442599,
      "mean": 0.3510712355009141,
      "scenario_se": 0.06036493895489445
    },
    "n_episodes": 60,
    "n_scenarios": 10,
    "path_efficiency": {
      "ci95_high": 0.5827824956836444,
      "ci95_low": 0.3333333333333333,
      "mean": 0.44981638745010366,
      "scenario_se": 0.09311730816716098
    },
    "success_rate": {
      "ci95_high": 0.5833333333333334,
      "ci95_low": 0.31666666666666665,
      "mean": 0.45,
      "scenario_se": 0.0931280811902234
    }
  },
  "notes": [
    "Ten held-out scenario seeds across five layout families.",
    "Two pilot models: pursuit and autoregressive.",
    "Still synthetic. Real trace ingestion is implemented separately and not exercised in this report."
  ],
  "scenario_seeds": [
    100,
    101,
    102,
    103,
    104,
    105,
    106,
    107,
    108,
    109
  ],
  "selected_params": {
    "agreement": 0.6,
    "blend_gain": 0.65,
    "caution_speed_mps": 0.128,
    "caution_ttc_s": 1.25,
    "clearance_buffer_m": 0.1,
    "clearance_penalty": 6.0,
    "cp_limit_penalty": 55.0,
    "cp_penalty": 12.0,
    "emergency_ttc_s": 0.65,
    "hard_cp_limit": 0.03,
    "horizon": 4,
    "margin": 0.16,
    "margin_intervention_gain": 0.12,
    "margin_reliability_gain": 0.06,
    "risk_penalty": 4.0,
    "safety_buffer_adjust_m": 0.007413156135686702,
    "samples": 24,
    "smooth_gain": 0.25,
    "soft_cp_limit": 0.018,
    "speed_cap_mps": 0.278,
    "ttc_slow_s": 1.4,
    "ttc_stop_s": 0.9,
    "user_agreement_blend": 0.551275649195474,
    "yield_hold_steps": 2
  },
  "user_models": [
    "pursuit",
    "autoregressive"
  ],
  "user_seeds": [
    3,
    7,
    11
  ]
}