{
  "baseline": {
    "n_episodes": 30,
    "n_scenarios": 5,
    "success_rate": {"mean": 0.3, "ci95_low": 0.13333333333333333, "ci95_high": 0.4666666666666667, "scenario_se": 0.19999999999999998},
    "collision_rate": {"mean": 0.3333333333333333, "ci95_low": 0.16666666666666666, "ci95_high": 0.5, "scenario_se": 0.21081851067789195},
    "path_efficiency": {"mean": 0.3, "ci95_low": 0.16666666666666666, "ci95_high": 0.4666666666666667, "scenario_se": 0.19999999999999998},
    "intervention_rate": {"mean": 0.36466885043849745, "ci95_low": 0.24468332177811503, "ci95_high": 0.5036557695193549, "scenario_se": 0.17445955032357535},
    "min_clearance_m": {"mean": 0.2533333333333333, "ci95_low": 0.17166666666666666, "ci95_high": 0.3333333333333333, "scenario_se": 0.10269290790182803},
    "mean_steps": {"mean": 133.93333333333334, "ci95_low": 122.6, "ci95_high": 145.86666666666667, "scenario_se": 12.438805766185467}
  },
  "improved": {
    "n_episodes": 30,
    "n_scenarios": 5,
    "success_rate": {"mean": 0.43333333333333335, "ci95_low": 0.26666666666666666, "ci95_high": 0.6, "scenario_se": 0.13540064007726602},
    "collision_rate": {"mean": 0.3, "ci95_low": 0.13333333333333333, "ci95_high": 0.4666666666666667, "scenario_se": 0.15275252316519464},
    "path_efficiency": {"mean": 0.43333333333333335, "ci95_low": 0.23333333333333334, "ci95_high": 0.6, "scenario_se": 0.13540064007726602},
    "intervention_rate": {"mean": 0.9608771993537185, "ci95_low": 0.9514755851259855, "ci95_high": 0.9687908767297112, "scenario_se": 0.005532725356246697},
    "min_clearance_m": {"mean": 0.34018034931714314, "ci95_low": 0.2538679275886066, "ci95_high": 0.4222788123804306, "scenario_se": 0.1006142679553461},
    "mean_steps": {"mean": 126.8, "ci95_low": 114.73333333333333, "ci95_high": 138.26666666666668, "scenario_se": 10.549275909853822}
  },
  "delta_success_rate": {"mean": 0.13333333333333333, "ci95_low": -0.13333333333333333, "ci95_high": 0.36666666666666664, "scenario_se": 0.21984843263788198},
  "delta_collision_rate": {"mean": -0.03333333333333333, "ci95_low": -0.13333333333333333, "ci95_high": 0.06666666666666667, "scenario_se": 0.0816496580927726},
  "delta_path_efficiency": {"mean": 0.13333333333333333, "ci95_low": -0.13333333333333333, "ci95_high": 0.36666666666666664, "scenario_se": 0.21984843263788198},
  "selected_params": {
    "horizon": 4,
    "samples": 22,
    "risk_penalty": 4.0,
    "margin": 0.16,
    "agreement": 0.6,
    "cp_limit_penalty": 55.0,
    "cp_penalty": 12.0,
    "clearance_penalty": 6.0,
    "clearance_buffer_m": 0.1,
    "margin_intervention_gain": 0.12,
    "margin_reliability_gain": 0.06,
    "hard_cp_limit": 0.03,
    "soft_cp_limit": 0.018,
    "blend_gain": 0.65,
    "smooth_gain": 0.25,
    "yield_hold_steps": 2,
    "ttc_stop_s": 0.9,
    "ttc_slow_s": 1.4,
    "emergency_ttc_s": 0.7,
    "caution_ttc_s": 1.05,
    "speed_cap_mps": 0.24,
    "caution_speed_mps": 0.08,
    "safety_buffer_adjust_m": -0.02,
    "user_agreement_blend": 0.35
  },
  "train_objective": 3.031423552062867,
  "train_candidates": [
    {
      "horizon": 4,
      "samples": 22,
      "risk_penalty": 4.0,
      "margin": 0.16,
      "agreement": 0.6,
      "cp_limit_penalty": 55.0,
      "cp_penalty": 12.0,
      "clearance_penalty": 6.0,
      "clearance_buffer_m": 0.1,
      "margin_intervention_gain": 0.12,
      "margin_reliability_gain": 0.06,
      "hard_cp_limit": 0.03,
      "soft_cp_limit": 0.018,
      "blend_gain": 0.65,
      "smooth_gain": 0.25,
      "yield_hold_steps": 2,
      "ttc_stop_s": 0.9,
      "ttc_slow_s": 1.4,
      "emergency_ttc_s": 0.7,
      "caution_ttc_s": 1.05,
      "speed_cap_mps": 0.24,
      "caution_speed_mps": 0.08,
      "safety_buffer_adjust_m": -0.02,
      "user_agreement_blend": 0.35,
      "objective": 3.031423552062867,
      "success_rate": 0.5,
      "collision_rate": 0.16666666666666666,
      "path_efficiency": 0.5,
      "intervention_rate": 0.9510219932954259,
      "min_clearance_m": 0.3716914341067797
    },
    {
      "horizon": 4,
      "samples": 22,
      "risk_penalty": 4.0,
      "margin": 0.16,
      "agreement": 0.6,
      "cp_limit_penalty": 55.0,
      "cp_penalty": 12.0,
      "clearance_penalty": 6.0,
      "clearance_buffer_m": 0.1,
      "margin_intervention_gain": 0.12,
      "margin_reliability_gain": 0.06,
      "hard_cp_limit": 0.03,
      "soft_cp_limit": 0.018,
      "blend_gain": 0.65,
      "smooth_gain": 0.25,
      "yield_hold_steps": 2,
      "ttc_stop_s": 0.9,
      "ttc_slow_s": 1.4,
      "emergency_ttc_s": 0.7,
      "caution_ttc_s": 1.0,
      "speed_cap_mps": 0.24,
      "caution_speed_mps": 0.08,
      "safety_buffer_adjust_m": -0.04,
      "user_agreement_blend": 0.4,
      "objective": 2.4974195525482448,
      "success_rate": 0.5,
      "collision_rate": 0.2222222222222222,
      "path_efficiency": 0.5,
      "intervention_rate": 0.9497137353632115,
      "min_clearance_m": 0.41414041722254
    },
    {
      "horizon": 4,
      "samples": 22,
      "risk_penalty": 4.0,
      "margin": 0.16,
      "agreement": 0.6,
      "cp_limit_penalty": 55.0,
      "cp_penalty": 12.0,
      "clearance_penalty": 6.0,
      "clearance_buffer_m": 0.1,
      "margin_intervention_gain": 0.12,
      "margin_reliability_gain": 0.06,
      "hard_cp_limit": 0.03,
      "soft_cp_limit": 0.018,
      "blend_gain": 0.65,
      "smooth_gain": 0.25,
      "yield_hold_steps": 2,
      "ttc_stop_s": 0.9,
      "ttc_slow_s": 1.4,
      "emergency_ttc_s": 0.75,
      "caution_ttc_s": 1.1,
      "speed_cap_mps": 0.22,
      "caution_speed_mps": 0.07,
      "safety_buffer_adjust_m": 0.0,
      "user_agreement_blend": 0.35,
      "objective": 1.9588371711409676,
      "success_rate": 0.3888888888888889,
      "collision_rate": 0.16666666666666666,
      "path_efficiency": 0.3888888888888889,
      "intervention_rate": 0.9529431774954795,
      "min_clearance_m": 0.33859037547411847
    }
  ],
  "sensitivity": {
    "perturbation_scale": 0.2,
    "samples": 3,
    "success_rate_mean": 0.5833333333333334,
    "success_rate_min": 0.375,
    "collision_rate_mean": 0.041666666666666664,
    "collision_rate_max": 0.125,
    "path_efficiency_mean": 0.5833333333333334
  },
  "train_scenarios": [0, 1, 2],
  "test_scenarios": [100, 101, 102, 103, 104],
  "user_seeds": [3, 7, 11],
  "user_models": ["pursuit", "autoregressive"],
  "notes": [
    "Held-out evaluation covers five layout families rather than one clinic template.",
    "The controller uses a two-step lattice scorer with explicit TTC gating, path-progress scoring, and a final safety override.",
    "Real wheelchair traces were not downloaded in this environment, so the evaluation still uses synthetic pilots plus the existing trace-replay interface.",
    "Sensitivity analysis perturbs the new TTC and speed thresholds rather than only legacy constants."
  ]
}
